INSERT INTO Grupos (gruIdGrupo, gruNumGrupo, gruTurno) VALUES
('1CV1', 1, 'V'),
('1CV10', 10, 'V'),
('1CV11', 11, 'V'),
('1CV12', 12, 'V'),
('1CV13', 13, 'V'),
('1CV14', 14, 'V'),
('1CV15', 15, 'V'),
('1CV16', 16, 'V'),
('1CV2', 2, 'V'),
('1CV3', 3, 'V'),
('1CV4', 4, 'V'),
('1CV5', 5, 'V'),
('1CV6', 6, 'V'),
('1CV7', 7, 'V'),
('1CV8', 8, 'V'),
('1CV9', 9, 'V');

INSERT INTO Materias (matIdMateria, matNombre, matNumCreditos, matArea, matNumNivel) VALUES
(28, 'ESTRUCTURAS DE DATOS', 0, '', 1),
(29, 'ANALISIS FUNDAMENTAL DE CIRCUITOS', 0, '', 1),
(30, 'ANALISIS VECTORIAL', 0, '', 1),
(31, 'COMUNICACION ORAL Y ESCRITA', 0, '', 1),
(32, 'ALGORITMIA Y PROGRAMACION ESTRUCTURADA', 0, '', 1),
(33, 'MATEMATICAS DISCRETAS', 0, '', 1),
(34, 'CALCULO', 0, '', 1),
(35, 'FISICA', 0, '', 1),
(36, 'ECUACIONES DIFERENCIALES', 0, '', 1),
(37, 'CALCULO APLICADO', 0, '', 1),
(38, 'ALGEBRA LINEAL', 0, '', 1),
(39, 'INGENIERIA ETICA Y SOCIEDAD', 0, '', 1);


-- Expresion regular para quitar el horario de fin de clase -\d{2}:\d{2}


INSERT INTO TiposHorario (tihIdTipoHorario, tihHoraIniLunes, tihDuracionLunes, tihHoraIniMartes, tihDuracionMartes, tihHoraIniMiercoles, tihDuracionMiercoles, tihHoraIniJueves, tihDuracionJueves, tihHoraIniViernes, tihDuracionViernes) VALUES
(1, NULL, 90, '18:30', 90, '18:30', 90, NULL, 90, '18:30', 90),
(2, '20:00', 90, NULL, 90, '20:00', 90, '20:00', 90, NULL, 90),
(3, '13:30', 90, '13:30', 90, NULL, 90, '13:30', 90, NULL, 90),
(4, NULL, 90, '15:00', 90, '15:00', 90, NULL, 90, '15:00', 90),
(5, '16:30', 90, NULL, 90, '16:30', 90, '16:30', 90, NULL, 90),
(6, '15:00', 90, NULL, 90, NULL, 90, '15:00', 90, '16:30', 90),
(7, '16:30', 90, NULL, 90, '16:30', 90, '16:30', 90, '13:30', 90),
(8, '18:30', 90, '16:30', 90, NULL, 90, '18:30', 90, '13:30', 90),
(9, '18:30', 90, '16:30', 90, NULL, 90, '18:30', 90, NULL, 90),
(10, NULL, 90, '18:30', 90, '18:30', 90, '13:30', 90, '18:30', 90),
(11, '13:30', 90, '15:00', 90, '15:00', 90, NULL, 90, '15:00', 90),
(12, '15:00', 90, NULL, 90, '13:30', 90, '15:00', 90, '15:00', 90),
(13, '13:30', 90, '15:00', 90, '15:00', 90, NULL, 90, NULL, 90),
(14, '16:30', 90, '13:30', 90, '16:30', 90, '16:30', 90, NULL, 90),
(15, '20:00', 90, '20:00', 90, '20:00', 90, '20:00', 90, NULL, 90),
(16, NULL, 90, '13:30', 90, NULL, 90, '13:30', 90, '13:30', 90),
(17, NULL, 90, '18:30', 90, '18:30', 90, NULL, 90, '18:30', 90),
(18, '20:00', 90, NULL, 90, '20:00', 90, '20:00', 90, NULL, 90),
(19, '13:30', 90, '13:30', 90, NULL, 90, '13:30', 90, NULL, 90),
(20, NULL, 90, '15:00', 90, '15:00', 90, NULL, 90, '15:00', 90),
(21, '16:30', 90, NULL, 90, '16:30', 90, '16:30', 90, NULL, 90),
(22, '15:00', 90, NULL, 90, NULL, 90, '15:00', 90, '16:30', 90),
(23, '16:30', 90, NULL, 90, '16:30', 90, '16:30', 90, '13:30', 90),
(24, '18:30', 90, '16:30', 90, NULL, 90, '18:30', 90, '13:30', 90),
(25, '18:30', 90, '16:30', 90, NULL, 90, '18:30', 90, NULL, 90),
(26, NULL, 90, '18:30', 90, '18:30', 90, '13:30', 90, '18:30', 90),
(27, '13:30', 90, '15:00', 90, '15:00', 90, NULL, 90, '15:00', 90),
(28, '15:00', 90, NULL, 90, '13:30', 90, '15:00', 90, '15:00', 90),
(29, '13:30', 90, '15:00', 90, '15:00', 90, NULL, 90, NULL, 90),
(30, '16:30', 90, '13:30', 90, '16:30', 90, '16:30', 90, NULL, 90),
(31, '20:00', 90, '20:00', 90, '20:00', 90, '20:00', 90, NULL, 90),
(32, NULL, 90, '13:30', 90, NULL, 90, '13:30', 90, '13:30', 90);



INSERT INTO MateriasGrupo(gruIdGrupo,matIdMateria,tihIdTipoHorario,magtLugaresDisp) VALUES
('1CV6',(select matIdMateria from Materias where matNombre like 'ESTRUCTURAS DE DATOS'),1,30),
('1CV6',(select matIdMateria from Materias where matNombre like 'ANALISIS FUNDAMENTAL DE CIRCUITOS'),2,30),
('1CV7',(select matIdMateria from Materias where matNombre like 'ANALISIS FUNDAMENTAL DE CIRCUITOS'),2,30),
('1CV7',(select matIdMateria from Materias where matNombre like 'ESTRUCTURAS DE DATOS'),3,30),
('1CV9',(select matIdMateria from Materias where matNombre like 'ESTRUCTURAS DE DATOS'),4,30),
('1CV1',(select matIdMateria from Materias where matNombre like 'ANALISIS VECTORIAL'),5,30),
('1CV12',(select matIdMateria from Materias where matNombre like 'COMUNICACION ORAL Y ESCRITA'),6,30),
('1CV13',(select matIdMateria from Materias where matNombre like 'COMUNICACION ORAL Y ESCRITA'),4,30),
('1CV14',(select matIdMateria from Materias where matNombre like 'COMUNICACION ORAL Y ESCRITA'),5,30),
('1CV5',(select matIdMateria from Materias where matNombre like 'ESTRUCTURAS DE DATOS'),9,30),
('1CV4',(select matIdMateria from Materias where matNombre like 'ESTRUCTURAS DE DATOS'),5,30),
('1CV8',(select matIdMateria from Materias where matNombre like 'ESTRUCTURAS DE DATOS'),6,30),
('1CV15',(select matIdMateria from Materias where matNombre like 'ALGORITMIA Y PROGRAMACION ESTRUCTURADA'),5,30),
('1CV13',(select matIdMateria from Materias where matNombre like 'ALGORITMIA Y PROGRAMACION ESTRUCTURADA'),6,30),
('1CV11',(select matIdMateria from Materias where matNombre like 'ALGORITMIA Y PROGRAMACION ESTRUCTURADA'),1,30),
('1CV10',(select matIdMateria from Materias where matNombre like 'ALGORITMIA Y PROGRAMACION ESTRUCTURADA'),9,30),
('1CV11',(select matIdMateria from Materias where matNombre like 'MATEMATICAS DISCRETAS'),8,30),
('1CV11',(select matIdMateria from Materias where matNombre like 'MATEMATICAS DISCRETAS'),10,30),
('1CV15',(select matIdMateria from Materias where matNombre like 'MATEMATICAS DISCRETAS'),11,30),
('1CV15',(select matIdMateria from Materias where matNombre like 'CALCULO'),1,30),
('1CV14',(select matIdMateria from Materias where matNombre like 'CALCULO'),9,30),
('1CV10',(select matIdMateria from Materias where matNombre like 'FISICA'),6,30),
('1CV2',(select matIdMateria from Materias where matNombre like 'ANALISIS VECTORIAL'),9,30),
('1CV2',(select matIdMateria from Materias where matNombre like 'ECUACIONES DIFERENCIALES'),2,30),
('1CV3',(select matIdMateria from Materias where matNombre like 'ANALISIS FUNDAMENTAL DE CIRCUITOS'),5,30),
('1CV2',(select matIdMateria from Materias where matNombre like 'ANALISIS FUNDAMENTAL DE CIRCUITOS'),4,30),
('1CV4',(select matIdMateria from Materias where matNombre like 'CALCULO APLICADO'),6,30),
('1CV1',(select matIdMateria from Materias where matNombre like 'CALCULO APLICADO'),9,30),
('1CV1',(select matIdMateria from Materias where matNombre like 'ECUACIONES DIFERENCIALES'),1,30),
('1CV9',(select matIdMateria from Materias where matNombre like 'CALCULO APLICADO'),2,30),
('1CV12',(select matIdMateria from Materias where matNombre like 'ALGORITMIA Y PROGRAMACION ESTRUCTURADA'),2,30),
('1CV16',(select matIdMateria from Materias where matNombre like 'ALGORITMIA Y PROGRAMACION ESTRUCTURADA'),9,30),
('1CV6',(select matIdMateria from Materias where matNombre like 'ALGEBRA LINEAL'),6,30),
('1CV2',(select matIdMateria from Materias where matNombre like 'ALGEBRA LINEAL'),5,30),
('1CV12',(select matIdMateria from Materias where matNombre like 'CALCULO'),4,30),
('1CV10',(select matIdMateria from Materias where matNombre like 'CALCULO'),2,30),
('1CV6',(select matIdMateria from Materias where matNombre like 'ECUACIONES DIFERENCIALES'),9,30),
('1CV7',(select matIdMateria from Materias where matNombre like 'ECUACIONES DIFERENCIALES'),1,30),
('1CV12',(select matIdMateria from Materias where matNombre like 'FISICA'),5,30),
('1CV11',(select matIdMateria from Materias where matNombre like 'FISICA'),4,30),
('1CV13',(select matIdMateria from Materias where matNombre like 'FISICA'),9,30),
('1CV16',(select matIdMateria from Materias where matNombre like 'FISICA'),6,30),
('1CV4',(select matIdMateria from Materias where matNombre like 'ALGEBRA LINEAL'),1,30),
('1CV7',(select matIdMateria from Materias where matNombre like 'ALGEBRA LINEAL'),4,30),
('1CV3',(select matIdMateria from Materias where matNombre like 'ESTRUCTURAS DE DATOS'),4,30),
('1CV2',(select matIdMateria from Materias where matNombre like 'ESTRUCTURAS DE DATOS'),6,30),
('1CV11',(select matIdMateria from Materias where matNombre like 'COMUNICACION ORAL Y ESCRITA'),2,30),
('1CV15',(select matIdMateria from Materias where matNombre like 'COMUNICACION ORAL Y ESCRITA'),9,30),
('1CV10',(select matIdMateria from Materias where matNombre like 'COMUNICACION ORAL Y ESCRITA'),1,30),
('1CV10',(select matIdMateria from Materias where matNombre like 'INGENIERIA ETICA Y SOCIEDAD'),4,30),
('1CV4',(select matIdMateria from Materias where matNombre like 'ANALISIS FUNDAMENTAL DE CIRCUITOS'),9,30),
('1CV5',(select matIdMateria from Materias where matNombre like 'ANALISIS FUNDAMENTAL DE CIRCUITOS'),1,30),
('1CV8',(select matIdMateria from Materias where matNombre like 'ANALISIS FUNDAMENTAL DE CIRCUITOS'),4,30),
('1CV9',(select matIdMateria from Materias where matNombre like 'ANALISIS FUNDAMENTAL DE CIRCUITOS'),5,30),
('1CV9',(select matIdMateria from Materias where matNombre like 'ECUACIONES DIFERENCIALES'),6,30),
('1CV8',(select matIdMateria from Materias where matNombre like 'ECUACIONES DIFERENCIALES'),2,30),
('1CV9',(select matIdMateria from Materias where matNombre like 'ALGEBRA LINEAL'),9,30),
('1CV8',(select matIdMateria from Materias where matNombre like 'ALGEBRA LINEAL'),5,30),
('1CV5',(select matIdMateria from Materias where matNombre like 'ANALISIS VECTORIAL'),6,30),
('1CV7',(select matIdMateria from Materias where matNombre like 'ANALISIS VECTORIAL'),5,30),
('1CV6',(select matIdMateria from Materias where matNombre like 'ANALISIS VECTORIAL'),4,30),
('1CV8',(select matIdMateria from Materias where matNombre like 'ANALISIS VECTORIAL'),9,30),
('1CV16',(select matIdMateria from Materias where matNombre like 'MATEMATICAS DISCRETAS'),7,30),
('1CV14',(select matIdMateria from Materias where matNombre like 'MATEMATICAS DISCRETAS'),12,30),
('1CV1',(select matIdMateria from Materias where matNombre like 'ALGEBRA LINEAL'),13,30),
('1CV10',(select matIdMateria from Materias where matNombre like 'MATEMATICAS DISCRETAS'),14,30),
('1CV13',(select matIdMateria from Materias where matNombre like 'MATEMATICAS DISCRETAS'),15,30),
('1CV5',(select matIdMateria from Materias where matNombre like 'CALCULO APLICADO'),4,30),
('1CV3',(select matIdMateria from Materias where matNombre like 'CALCULO APLICADO'),2,30),
('1CV8',(select matIdMateria from Materias where matNombre like 'CALCULO APLICADO'),1,30),
('1CV13',(select matIdMateria from Materias where matNombre like 'CALCULO'),30),
('1CV1',(select matIdMateria from Materias where matNombre like 'ANALISIS FUNDAMENTAL DE CIRCUITOS'),16,30),
('1CV9',(select matIdMateria from Materias where matNombre like 'ANALISIS VECTORIAL'),1,30),
('1CV6',(select matIdMateria from Materias where matNombre like 'CALCULO APLICADO'),5,30),
('1CV7',(select matIdMateria from Materias where matNombre like 'CALCULO APLICADO'),9,30),
('1CV2',(select matIdMateria from Materias where matNombre like 'CALCULO APLICADO'),1,30),
('1CV16',(select matIdMateria from Materias where matNombre like 'CALCULO'),2,30),
('1CV3',(select matIdMateria from Materias where matNombre like 'ECUACIONES DIFERENCIALES'),6,30),
('1CV5',(select matIdMateria from Materias where matNombre like 'ECUACIONES DIFERENCIALES'),5,30),
('1CV4',(select matIdMateria from Materias where matNombre like 'ECUACIONES DIFERENCIALES'),4,30),
('1CV14',(select matIdMateria from Materias where matNombre like 'FISICA'),1,30),
('1CV15',(select matIdMateria from Materias where matNombre like 'FISICA'),2,30),
('1CV5',(select matIdMateria from Materias where matNombre like 'ALGEBRA LINEAL'),2,30),
('1CV3',(select matIdMateria from Materias where matNombre like 'ALGEBRA LINEAL'),9,30),
('1CV14',(select matIdMateria from Materias where matNombre like 'INGENIERIA ETICA Y SOCIEDAD'),2,30),
('1CV13',(select matIdMateria from Materias where matNombre like 'INGENIERIA ETICA Y SOCIEDAD'),1,30),
('1CV11',(select matIdMateria from Materias where matNombre like 'INGENIERIA ETICA Y SOCIEDAD'),5,30),
('1CV12',(select matIdMateria from Materias where matNombre like 'INGENIERIA ETICA Y SOCIEDAD'),9,30);
